SatisfactionCategory,AvgSpent
Low,176.6677505636854
Medium,155.98203828858442
